transaction_id,container_id,cargo_type,volume_cbm,labor_assigned,arrival_datetime,unloading_start_datetime,unloading_end_datetime
TXN-2000,CNTR221958,Standard Dry,61.61,4,2026-01-01 00:46:00,2026-01-01 01:06:00,2026-01-01 05:30:02.571429
TXN-2001,CNTR771155,Hazardous,37.54,2,2026-01-01 02:46:00,2026-01-01 03:06:00,2026-01-01 11:40:50.057143
TXN-2002,CNTR231932,Standard Dry,56.65,2,2026-01-01 03:11:00,2026-01-01 03:31:00,2026-01-01 11:36:34.285714
TXN-2003,CNTR465838,Standard Dry,49.71,4,2026-01-01 03:24:00,2026-01-01 03:44:00,2026-01-01 07:17:02.571429
TXN-2004,CNTR359178,Refrigerated,53.66,4,2026-01-01 04:26:00,2026-01-01 04:46:00,2026-01-01 09:44:57.771429
TXN-2005,CNTR744167,Standard Dry,66.91,4,2026-01-01 05:37:00,2026-01-01 05:57:00,2026-01-01 10:43:45.428571
TXN-2006,CNTR210268,Hazardous,45.22,6,2026-01-01 07:44:00,2026-01-01 08:04:00,2026-01-01 11:30:43.200000
TXN-2007,CNTR832180,Hazardous,63.55,4,2026-01-01 09:35:00,2026-01-01 09:55:00,2026-01-01 17:10:46.285714
TXN-2008,CNTR154886,Hazardous,46.1,2,2026-01-01 10:18:00,2026-01-01 10:38:00,2026-01-01 21:10:13.714286
TXN-2009,CNTR237337,Standard Dry,42.69,4,2026-01-01 16:21:00,2026-01-01 16:41:00,2026-01-01 19:43:57.428571
TXN-2010,CNTR621430,Refrigerated,72.93,8,2026-01-01 16:40:00,2026-01-01 17:00:00,2026-01-01 20:23:09.728571
TXN-2011,CNTR187498,Refrigerated,34.22,6,2026-01-01 16:44:00,2026-01-01 17:04:00,2026-01-01 19:11:06.171429
TXN-2012,CNTR999159,Standard Dry,29.52,4,2026-01-01 16:46:00,2026-01-01 17:06:00,2026-01-01 19:12:30.857143
TXN-2013,CNTR275203,Standard Dry,63.55,2,2026-01-01 17:00:00,2026-01-01 17:20:00,2026-01-02 02:24:42.857143
TXN-2014,CNTR291335,Refrigerated,28.41,4,2026-01-02 03:29:00,2026-01-02 03:49:00,2026-01-02 06:27:17.057143
TXN-2015,CNTR378167,Refrigerated,66.85,6,2026-01-02 05:57:00,2026-01-02 06:17:00,2026-01-02 10:25:18.000000
TXN-2016,CNTR141090,Standard Dry,46.86,6,2026-01-02 07:14:00,2026-01-02 07:34:00,2026-01-02 09:47:53.142857
TXN-2017,CNTR429365,Refrigerated,70.78,4,2026-01-02 07:16:00,2026-01-02 07:36:00,2026-01-02 14:10:20.742857
TXN-2018,CNTR164820,Refrigerated,61.08,6,2026-01-02 08:23:00,2026-01-02 08:43:00,2026-01-02 12:29:52.114286
TXN-2019,CNTR887201,Standard Dry,55.52,6,2026-01-02 15:08:00,2026-01-02 15:28:00,2026-01-02 18:06:37.714286
TXN-2020,CNTR421879,Standard Dry,72.47,2,2026-01-02 18:10:00,2026-01-02 18:30:00,2026-01-03 04:51:10.285714
TXN-2021,CNTR818315,Standard Dry,44.83,4,2026-01-02 20:33:00,2026-01-02 20:53:00,2026-01-03 00:05:07.714286
TXN-2022,CNTR427069,Standard Dry,72.7,2,2026-01-02 21:16:00,2026-01-02 21:36:00,2026-01-03 07:59:08.571429
TXN-2023,CNTR876997,Standard Dry,31.75,2,2026-01-02 23:09:00,2026-01-02 23:29:00,2026-01-03 04:01:08.571429
TXN-2024,CNTR299041,Standard Dry,49.19,6,2026-01-02 23:21:00,2026-01-02 23:41:00,2026-01-03 02:01:32.571429
TXN-2025,CNTR891743,Standard Dry,38.5,4,2026-01-03 00:10:00,2026-01-03 00:30:00,2026-01-03 03:15:00.000000
TXN-2026,CNTR203355,Refrigerated,51.99,4,2026-01-03 07:22:00,2026-01-03 07:42:00,2026-01-03 12:31:39.514286
TXN-2027,CNTR335796,Standard Dry,33.1,2,2026-01-03 08:28:00,2026-01-03 08:48:00,2026-01-03 13:31:42.857143
TXN-2028,CNTR314176,Refrigerated,67.08,4,2026-01-03 09:18:00,2026-01-03 09:38:00,2026-01-03 15:51:43.885714
TXN-2029,CNTR284779,Standard Dry,67.32,2,2026-01-03 09:33:00,2026-01-03 09:53:00,2026-01-03 19:30:01.714286
TXN-2030,CNTR447449,Standard Dry,72.76,2,2026-01-03 10:44:00,2026-01-03 11:04:00,2026-01-03 21:27:39.428571
TXN-2031,CNTR521909,Standard Dry,32.73,4,2026-01-03 11:32:00,2026-01-03 11:52:00,2026-01-03 14:12:16.285714
TXN-2032,CNTR358795,Refrigerated,56.17,2,2026-01-03 14:35:00,2026-01-03 14:55:00,2026-01-04 01:20:53.657143
TXN-2033,CNTR586232,Standard Dry,48.71,4,2026-01-03 19:05:00,2026-01-03 19:25:00,2026-01-03 22:53:45.428571
TXN-2034,CNTR600186,Hazardous,42.22,2,2026-01-03 19:19:00,2026-01-03 19:39:00,2026-01-04 05:18:01.028571
TXN-2035,CNTR256730,Standard Dry,42.58,2,2026-01-04 00:18:00,2026-01-04 00:38:00,2026-01-04 06:42:58.285714
TXN-2036,CNTR970910,Standard Dry,45.64,2,2026-01-04 02:16:00,2026-01-04 02:36:00,2026-01-04 09:07:12.000000
TXN-2037,CNTR484681,Hazardous,60.25,4,2026-01-04 03:17:00,2026-01-04 03:37:00,2026-01-04 10:30:08.571429
TXN-2038,CNTR249503,Standard Dry,54.91,4,2026-01-04 04:36:00,2026-01-04 04:56:00,2026-01-04 08:51:19.714286
TXN-2039,CNTR754811,Standard Dry,47.98,4,2026-01-04 04:55:00,2026-01-04 05:15:00,2026-01-04 08:40:37.714286
TXN-2040,CNTR627035,Standard Dry,28.8,4,2026-01-04 06:44:00,2026-01-04 07:04:00,2026-01-04 09:07:25.714286
TXN-2041,CNTR748143,Standard Dry,28.89,6,2026-01-04 06:48:00,2026-01-04 07:08:00,2026-01-04 08:30:32.571429
TXN-2042,CNTR552366,Refrigerated,25.12,2,2026-01-04 07:01:00,2026-01-04 07:21:00,2026-01-04 12:00:54.514286
TXN-2043,CNTR165725,Standard Dry,73.38,4,2026-01-04 07:08:00,2026-01-04 07:28:00,2026-01-04 12:42:29.142857
TXN-2044,CNTR229981,Standard Dry,25.26,6,2026-01-04 08:26:00,2026-01-04 08:46:00,2026-01-04 09:58:10.285714
TXN-2045,CNTR184654,Standard Dry,30.15,4,2026-01-04 11:22:00,2026-01-04 11:42:00,2026-01-04 13:51:12.857143
TXN-2046,CNTR691723,Hazardous,40.73,4,2026-01-04 11:37:00,2026-01-04 11:57:00,2026-01-04 16:36:17.485714
TXN-2047,CNTR419030,Standard Dry,65.37,8,2026-01-04 13:53:00,2026-01-04 14:13:00,2026-01-04 16:33:04.714286
TXN-2048,CNTR428947,Standard Dry,73.1,6,2026-01-04 14:37:00,2026-01-04 14:57:00,2026-01-04 18:25:51.428571
TXN-2049,CNTR655839,Refrigerated,64.5,2,2026-01-04 16:44:00,2026-01-04 17:04:00,2026-01-05 05:02:42.857143
TXN-2050,CNTR373538,Refrigerated,59.53,4,2026-01-04 18:00:00,2026-01-04 18:20:00,2026-01-04 23:51:40.028571
TXN-2051,CNTR431236,Standard Dry,51.07,4,2026-01-05 01:29:00,2026-01-05 01:49:00,2026-01-05 05:27:52.285714
TXN-2052,CNTR628178,Standard Dry,29.34,4,2026-01-05 05:37:00,2026-01-05 05:57:00,2026-01-05 08:02:44.571429
TXN-2053,CNTR665894,Standard Dry,72.91,4,2026-01-05 08:04:00,2026-01-05 08:24:00,2026-01-05 13:36:28.285714
TXN-2054,CNTR589492,Standard Dry,62.92,4,2026-01-05 11:56:00,2026-01-05 12:16:00,2026-01-05 16:45:39.428571
TXN-2055,CNTR356840,Standard Dry,56.95,4,2026-01-05 12:46:00,2026-01-05 13:06:00,2026-01-05 17:10:04.285714
TXN-2056,CNTR573254,Standard Dry,62.95,4,2026-01-05 16:09:00,2026-01-05 16:29:00,2026-01-05 20:58:47.142857
TXN-2057,CNTR449457,Standard Dry,61.21,6,2026-01-05 16:36:00,2026-01-05 16:56:00,2026-01-05 19:50:53.142857
TXN-2058,CNTR765987,Standard Dry,56.86,4,2026-01-05 19:51:00,2026-01-05 20:11:00,2026-01-06 00:14:41.142857
TXN-2059,CNTR370936,Hazardous,74.03,2,2026-01-06 00:04:00,2026-01-06 00:24:00,2026-01-06 17:19:16.114286
TXN-2060,CNTR339931,Refrigerated,70.17,4,2026-01-06 00:46:00,2026-01-06 01:06:00,2026-01-06 07:36:56.828571
TXN-2061,CNTR339629,Standard Dry,57.33,2,2026-01-06 03:17:00,2026-01-06 03:37:00,2026-01-06 11:48:24.000000
TXN-2062,CNTR305041,Hazardous,59.66,4,2026-01-06 03:43:00,2026-01-06 04:03:00,2026-01-06 10:52:05.828571
TXN-2063,CNTR798361,Refrigerated,27.58,4,2026-01-06 05:19:00,2026-01-06 05:39:00,2026-01-06 08:12:39.600000
TXN-2064,CNTR831912,Standard Dry,58.5,2,2026-01-06 06:31:00,2026-01-06 06:51:00,2026-01-06 15:12:25.714286
TXN-2065,CNTR517113,Standard Dry,27.21,4,2026-01-06 07:18:00,2026-01-06 07:38:00,2026-01-06 09:34:36.857143
TXN-2066,CNTR168148,Standard Dry,54.41,2,2026-01-06 07:43:00,2026-01-06 08:03:00,2026-01-06 15:49:22.285714
TXN-2067,CNTR877089,Standard Dry,74.97,2,2026-01-06 08:19:00,2026-01-06 08:39:00,2026-01-06 19:21:36.000000
TXN-2068,CNTR748531,Standard Dry,52.79,4,2026-01-06 11:43:00,2026-01-06 12:03:00,2026-01-06 15:49:14.571429
TXN-2069,CNTR351995,Standard Dry,48.66,4,2026-01-06 21:24:00,2026-01-06 21:44:00,2026-01-07 01:12:32.571429
TXN-2070,CNTR778843,Standard Dry,40.64,8,2026-01-06 22:57:00,2026-01-06 23:17:00,2026-01-07 00:44:05.142857
TXN-2071,CNTR672843,Hazardous,31.03,4,2026-01-06 22:58:00,2026-01-06 23:18:00,2026-01-07 02:50:46.628571
TXN-2072,CNTR356508,Refrigerated,61.55,4,2026-01-07 02:09:00,2026-01-07 02:29:00,2026-01-07 08:11:55.285714
TXN-2073,CNTR903591,Standard Dry,34.63,4,2026-01-07 02:44:00,2026-01-07 03:04:00,2026-01-07 05:32:24.857143
TXN-2074,CNTR996942,Hazardous,30.76,2,2026-01-07 06:02:00,2026-01-07 06:22:00,2026-01-07 13:23:51.085714
TXN-2075,CNTR206530,Hazardous,46.09,8,2026-01-07 06:37:00,2026-01-07 06:57:00,2026-01-07 09:35:01.371429
TXN-2076,CNTR704365,Hazardous,64.77,4,2026-01-07 13:08:00,2026-01-07 13:28:00,2026-01-07 20:52:08.228571
TXN-2077,CNTR922352,Standard Dry,62.25,6,2026-01-07 13:55:00,2026-01-07 14:15:00,2026-01-07 17:12:51.428571
TXN-2078,CNTR560337,Refrigerated,27.74,2,2026-01-07 19:56:00,2026-01-07 20:16:00,2026-01-08 01:25:06.171429
TXN-2079,CNTR824839,Standard Dry,47.76,4,2026-01-08 01:47:00,2026-01-08 02:07:00,2026-01-08 05:31:41.142857
TXN-2080,CNTR905889,Refrigerated,51.12,4,2026-01-08 04:59:00,2026-01-08 05:19:00,2026-01-08 10:03:48.685714
TXN-2081,CNTR559773,Hazardous,57.23,6,2026-01-08 06:35:00,2026-01-08 06:55:00,2026-01-08 11:16:37.371429
TXN-2082,CNTR308261,Refrigerated,57.51,2,2026-01-08 07:52:00,2026-01-08 08:12:00,2026-01-08 18:52:49.542857
TXN-2083,CNTR864469,Refrigerated,43.23,4,2026-01-08 08:05:00,2026-01-08 08:25:00,2026-01-08 12:25:51.171429
TXN-2084,CNTR441097,Hazardous,53.03,8,2026-01-08 19:44:00,2026-01-08 20:04:00,2026-01-08 23:05:49.028571
TXN-2085,CNTR415139,Refrigerated,49.05,4,2026-01-08 22:37:00,2026-01-08 22:57:00,2026-01-09 03:30:16.714286
TXN-2086,CNTR271829,Standard Dry,69.25,4,2026-01-09 00:35:00,2026-01-09 00:55:00,2026-01-09 05:51:47.142857
TXN-2087,CNTR371836,Standard Dry,51.51,2,2026-01-09 00:55:00,2026-01-09 01:15:00,2026-01-09 08:36:30.857143
TXN-2088,CNTR538974,Standard Dry,47.05,8,2026-01-09 01:43:00,2026-01-09 02:03:00,2026-01-09 03:43:49.285714
TXN-2089,CNTR302283,Hazardous,45.22,2,2026-01-09 03:18:00,2026-01-09 03:38:00,2026-01-09 13:58:09.600000
TXN-2090,CNTR296769,Standard Dry,53.62,6,2026-01-09 04:09:00,2026-01-09 04:29:00,2026-01-09 07:02:12.000000
TXN-2091,CNTR661353,Standard Dry,65.2,6,2026-01-09 05:10:00,2026-01-09 05:30:00,2026-01-09 08:36:17.142857
TXN-2092,CNTR323165,Standard Dry,51.92,2,2026-01-09 06:27:00,2026-01-09 06:47:00,2026-01-09 14:12:01.714286
TXN-2093,CNTR723587,Standard Dry,58.08,4,2026-01-09 12:45:00,2026-01-09 13:05:00,2026-01-09 17:13:54.857143
TXN-2094,CNTR635822,Hazardous,61.89,2,2026-01-09 19:44:00,2026-01-09 20:04:00,2026-01-10 10:12:46.628571
TXN-2095,CNTR587879,Hazardous,51.01,2,2026-01-09 23:36:00,2026-01-09 23:56:00,2026-01-10 11:35:33.942857
TXN-2096,CNTR664685,Standard Dry,46.34,6,2026-01-10 13:12:00,2026-01-10 13:32:00,2026-01-10 15:44:24.000000
TXN-2097,CNTR882038,Hazardous,68.83,6,2026-01-10 13:12:00,2026-01-10 13:32:00,2026-01-10 18:46:39.085714
TXN-2098,CNTR453531,Standard Dry,45.88,4,2026-01-10 14:22:00,2026-01-10 14:42:00,2026-01-10 17:58:37.714286
TXN-2099,CNTR363160,Standard Dry,48.1,4,2026-01-10 17:27:00,2026-01-10 17:47:00,2026-01-10 21:13:08.571429
TXN-2100,CNTR679879,Refrigerated,74.52,2,2026-01-10 21:56:00,2026-01-10 22:16:00,2026-01-11 12:06:21.942857
TXN-2101,CNTR320884,Standard Dry,25.01,2,2026-01-11 03:50:00,2026-01-11 04:10:00,2026-01-11 07:44:22.285714
TXN-2102,CNTR123247,Standard Dry,34.27,2,2026-01-11 08:11:00,2026-01-11 08:31:00,2026-01-11 13:24:44.571429
TXN-2103,CNTR124300,Refrigerated,44.2,2,2026-01-11 11:05:00,2026-01-11 11:25:00,2026-01-11 19:37:30.857143
TXN-2104,CNTR567281,Standard Dry,71.63,4,2026-01-11 12:45:00,2026-01-11 13:05:00,2026-01-11 18:11:59.142857
TXN-2105,CNTR707086,Standard Dry,28.5,4,2026-01-11 12:49:00,2026-01-11 13:09:00,2026-01-11 15:11:08.571429
TXN-2106,CNTR633556,Standard Dry,25.47,4,2026-01-11 13:18:00,2026-01-11 13:38:00,2026-01-11 15:27:09.428571
TXN-2107,CNTR448951,Standard Dry,27.63,2,2026-01-11 13:49:00,2026-01-11 14:09:00,2026-01-11 18:05:49.714286
TXN-2108,CNTR374329,Standard Dry,29.43,4,2026-01-11 14:26:00,2026-01-11 14:46:00,2026-01-11 16:52:07.714286
TXN-2109,CNTR819064,Standard Dry,26.88,6,2026-01-11 14:31:00,2026-01-11 14:51:00,2026-01-11 16:07:48.000000
TXN-2110,CNTR842139,Refrigerated,48.99,2,2026-01-11 15:31:00,2026-01-11 15:51:00,2026-01-12 00:56:53.314286
TXN-2111,CNTR532315,Refrigerated,54.04,8,2026-01-11 21:44:00,2026-01-11 22:04:00,2026-01-12 00:34:32.400000
TXN-2112,CNTR616588,Refrigerated,38.58,6,2026-01-11 23:50:00,2026-01-12 00:10:00,2026-01-12 02:33:17.828571
TXN-2113,CNTR336584,Refrigerated,44.91,2,2026-01-12 04:41:00,2026-01-12 05:01:00,2026-01-12 13:21:25.542857
TXN-2114,CNTR662332,Refrigerated,29.58,6,2026-01-12 12:02:00,2026-01-12 12:22:00,2026-01-12 14:11:52.114286
TXN-2115,CNTR937646,Standard Dry,41.82,4,2026-01-12 15:15:00,2026-01-12 15:35:00,2026-01-12 18:34:13.714286
TXN-2116,CNTR476896,Standard Dry,51.13,4,2026-01-12 21:11:00,2026-01-12 21:31:00,2026-01-13 01:10:07.714286
TXN-2117,CNTR148984,Standard Dry,61.61,4,2026-01-13 03:30:00,2026-01-13 03:50:00,2026-01-13 08:14:02.571429
TXN-2118,CNTR402918,Standard Dry,25.17,4,2026-01-13 04:32:00,2026-01-13 04:52:00,2026-01-13 06:39:52.285714
TXN-2119,CNTR364712,Standard Dry,48.37,4,2026-01-13 05:48:00,2026-01-13 06:08:00,2026-01-13 09:35:18.000000
TXN-2120,CNTR220151,Standard Dry,39.85,4,2026-01-13 06:35:00,2026-01-13 06:55:00,2026-01-13 09:45:47.142857
TXN-2121,CNTR555808,Refrigerated,67.64,4,2026-01-13 09:13:00,2026-01-13 09:33:00,2026-01-13 15:49:51.085714
TXN-2122,CNTR233767,Hazardous,60.78,4,2026-01-13 12:09:00,2026-01-13 12:29:00,2026-01-13 19:25:46.628571
TXN-2123,CNTR748663,Standard Dry,54.46,4,2026-01-13 14:33:00,2026-01-13 14:53:00,2026-01-13 18:46:24.000000
TXN-2124,CNTR803550,Standard Dry,38.86,6,2026-01-13 14:59:00,2026-01-13 15:19:00,2026-01-13 17:10:01.714286
TXN-2125,CNTR236330,Standard Dry,70.52,2,2026-01-13 15:34:00,2026-01-13 15:54:00,2026-01-14 01:58:27.428571
TXN-2126,CNTR580754,Hazardous,27.26,2,2026-01-13 16:53:00,2026-01-13 17:13:00,2026-01-13 23:26:51.085714
TXN-2127,CNTR401648,Hazardous,30.47,6,2026-01-13 17:36:00,2026-01-13 17:56:00,2026-01-13 20:15:17.485714
TXN-2128,CNTR788519,Standard Dry,44.58,4,2026-01-13 20:07:00,2026-01-13 20:27:00,2026-01-13 23:38:03.428571
TXN-2129,CNTR113986,Refrigerated,31.22,2,2026-01-14 00:13:00,2026-01-14 00:33:00,2026-01-14 06:20:52.800000
TXN-2130,CNTR686146,Standard Dry,72.82,2,2026-01-14 03:22:00,2026-01-14 03:42:00,2026-01-14 14:06:10.285714
TXN-2131,CNTR229312,Standard Dry,64.9,2,2026-01-14 05:22:00,2026-01-14 05:42:00,2026-01-14 14:58:17.142857
TXN-2132,CNTR112666,Standard Dry,37.95,8,2026-01-14 12:44:00,2026-01-14 13:04:00,2026-01-14 14:25:19.285714
TXN-2133,CNTR400804,Standard Dry,54.43,4,2026-01-14 19:48:00,2026-01-14 20:08:00,2026-01-15 00:01:16.285714
TXN-2134,CNTR234633,Hazardous,74.12,8,2026-01-14 23:54:00,2026-01-15 00:14:00,2026-01-15 04:28:07.542857
TXN-2135,CNTR388998,Refrigerated,69.21,4,2026-01-15 02:36:00,2026-01-15 02:56:00,2026-01-15 09:21:35.914286
TXN-2136,CNTR950937,Standard Dry,55.04,4,2026-01-15 09:08:00,2026-01-15 09:28:00,2026-01-15 13:23:53.142857
TXN-2137,CNTR728776,Refrigerated,70.19,4,2026-01-15 10:56:00,2026-01-15 11:16:00,2026-01-15 17:47:03.514286
TXN-2138,CNTR807611,Hazardous,74.46,4,2026-01-15 17:33:00,2026-01-15 17:53:00,2026-01-16 02:23:34.971429
TXN-2139,CNTR384806,Hazardous,62.17,2,2026-01-15 18:12:00,2026-01-15 18:32:00,2026-01-16 08:44:37.028571
TXN-2140,CNTR894824,Standard Dry,28.25,6,2026-01-15 20:29:00,2026-01-15 20:49:00,2026-01-15 22:09:42.857143
TXN-2141,CNTR130535,Standard Dry,45.08,6,2026-01-15 20:34:00,2026-01-15 20:54:00,2026-01-15 23:02:48.000000
TXN-2142,CNTR475713,Standard Dry,66.89,4,2026-01-15 21:50:00,2026-01-15 22:10:00,2026-01-16 02:56:40.285714
TXN-2143,CNTR938688,Standard Dry,36.53,8,2026-01-16 01:01:00,2026-01-16 01:21:00,2026-01-16 02:39:16.714286
TXN-2144,CNTR451279,Standard Dry,66.53,6,2026-01-16 01:33:00,2026-01-16 01:53:00,2026-01-16 05:03:05.142857
TXN-2145,CNTR921654,Standard Dry,31.02,4,2026-01-16 05:39:00,2026-01-16 05:59:00,2026-01-16 08:11:56.571429
TXN-2146,CNTR701661,Standard Dry,27.35,2,2026-01-16 07:01:00,2026-01-16 07:21:00,2026-01-16 11:15:25.714286
TXN-2147,CNTR747972,Standard Dry,44.2,4,2026-01-16 07:59:00,2026-01-16 08:19:00,2026-01-16 11:28:25.714286
TXN-2148,CNTR589570,Standard Dry,26.84,4,2026-01-16 14:16:00,2026-01-16 14:36:00,2026-01-16 16:31:01.714286
TXN-2149,CNTR556551,Standard Dry,72.86,2,2026-01-16 16:47:00,2026-01-16 17:07:00,2026-01-17 03:31:30.857143
TXN-2150,CNTR373109,Standard Dry,66.31,2,2026-01-16 17:29:00,2026-01-16 17:49:00,2026-01-17 03:17:22.285714
TXN-2151,CNTR124538,Standard Dry,65.04,6,2026-01-16 22:18:00,2026-01-16 22:38:00,2026-01-17 01:43:49.714286
TXN-2152,CNTR994498,Standard Dry,56.49,2,2026-01-17 01:58:00,2026-01-17 02:18:00,2026-01-17 10:22:12.000000
TXN-2153,CNTR301664,Standard Dry,35.82,4,2026-01-17 02:59:00,2026-01-17 03:19:00,2026-01-17 05:52:30.857143
TXN-2154,CNTR591234,Standard Dry,50.91,8,2026-01-17 03:46:00,2026-01-17 04:06:00,2026-01-17 05:55:05.571429
TXN-2155,CNTR999684,Standard Dry,54.86,6,2026-01-17 03:47:00,2026-01-17 04:07:00,2026-01-17 06:43:44.571429
TXN-2156,CNTR239182,Standard Dry,51.25,2,2026-01-17 04:43:00,2026-01-17 05:03:00,2026-01-17 12:22:17.142857
TXN-2157,CNTR572525,Standard Dry,38.01,6,2026-01-17 04:53:00,2026-01-17 05:13:00,2026-01-17 07:01:36.000000
TXN-2158,CNTR258338,Standard Dry,50.76,2,2026-01-17 08:05:00,2026-01-17 08:25:00,2026-01-17 15:40:05.142857
TXN-2159,CNTR284064,Hazardous,49.56,2,2026-01-17 08:11:00,2026-01-17 08:31:00,2026-01-17 19:50:40.800000
TXN-2160,CNTR314020,Standard Dry,74.82,4,2026-01-17 08:23:00,2026-01-17 08:43:00,2026-01-17 14:03:39.428571
TXN-2161,CNTR723094,Standard Dry,69.87,4,2026-01-17 10:31:00,2026-01-17 10:51:00,2026-01-17 15:50:26.571429
TXN-2162,CNTR997421,Hazardous,48.17,4,2026-01-17 11:06:00,2026-01-17 11:26:00,2026-01-17 16:56:18.514286
TXN-2163,CNTR715270,Standard Dry,56.15,4,2026-01-17 16:11:00,2026-01-17 16:31:00,2026-01-17 20:31:38.571429
TXN-2164,CNTR745914,Hazardous,62.39,2,2026-01-17 16:48:00,2026-01-17 17:08:00,2026-01-18 07:23:38.057143
TXN-2165,CNTR219176,Standard Dry,26.74,2,2026-01-17 18:18:00,2026-01-17 18:38:00,2026-01-17 22:27:12.000000
TXN-2166,CNTR318126,Standard Dry,69.75,4,2026-01-17 22:22:00,2026-01-17 22:42:00,2026-01-18 03:40:55.714286
TXN-2167,CNTR318969,Standard Dry,68.01,6,2026-01-18 02:27:00,2026-01-18 02:47:00,2026-01-18 06:01:18.857143
TXN-2168,CNTR222409,Refrigerated,47.87,4,2026-01-18 03:34:00,2026-01-18 03:54:00,2026-01-18 08:20:42.257143
TXN-2169,CNTR647707,Standard Dry,44.56,2,2026-01-18 05:18:00,2026-01-18 05:38:00,2026-01-18 11:59:56.571429
TXN-2170,CNTR353618,Hazardous,38.65,4,2026-01-18 07:21:00,2026-01-18 07:41:00,2026-01-18 12:06:01.714286
TXN-2171,CNTR869598,Standard Dry,48.83,2,2026-01-18 11:54:00,2026-01-18 12:14:00,2026-01-18 19:12:32.571429
TXN-2172,CNTR150015,Refrigerated,27.22,2,2026-01-18 12:51:00,2026-01-18 13:11:00,2026-01-18 18:14:18.514286
TXN-2173,CNTR872838,Standard Dry,67.61,6,2026-01-18 16:11:00,2026-01-18 16:31:00,2026-01-18 19:44:10.285714
TXN-2174,CNTR222096,Refrigerated,26.77,2,2026-01-18 18:32:00,2026-01-18 18:52:00,2026-01-18 23:50:17.657143
TXN-2175,CNTR731347,Standard Dry,41.45,2,2026-01-18 18:53:00,2026-01-18 19:13:00,2026-01-19 01:08:17.142857
TXN-2176,CNTR285340,Standard Dry,71.58,4,2026-01-18 19:40:00,2026-01-18 20:00:00,2026-01-19 01:06:46.285714
TXN-2177,CNTR210687,Standard Dry,61.76,4,2026-01-18 23:33:00,2026-01-18 23:53:00,2026-01-19 04:17:41.142857
TXN-2178,CNTR974371,Standard Dry,39.07,4,2026-01-19 04:38:00,2026-01-19 04:58:00,2026-01-19 07:45:26.571429
TXN-2179,CNTR511357,Standard Dry,37.63,2,2026-01-19 05:15:00,2026-01-19 05:35:00,2026-01-19 10:57:32.571429
TXN-2180,CNTR835716,Standard Dry,25.25,2,2026-01-19 11:15:00,2026-01-19 11:35:00,2026-01-19 15:11:25.714286
TXN-2181,CNTR205878,Refrigerated,59.79,2,2026-01-19 13:50:00,2026-01-19 14:10:00,2026-01-20 01:16:13.885714
TXN-2182,CNTR827270,Standard Dry,27.44,2,2026-01-19 16:05:00,2026-01-19 16:25:00,2026-01-19 20:20:12.000000
TXN-2183,CNTR298286,Refrigerated,51.63,4,2026-01-19 17:07:00,2026-01-19 17:27:00,2026-01-19 22:14:39.171429
TXN-2184,CNTR873290,Hazardous,73.11,6,2026-01-19 21:28:00,2026-01-19 21:48:00,2026-01-20 03:22:13.028571
TXN-2185,CNTR874684,Standard Dry,30.47,6,2026-01-19 21:30:00,2026-01-19 21:50:00,2026-01-19 23:17:03.428571
TXN-2186,CNTR264899,Refrigerated,69.72,6,2026-01-20 02:46:00,2026-01-20 03:06:00,2026-01-20 07:24:57.600000
TXN-2187,CNTR424767,Refrigerated,74.57,4,2026-01-20 08:53:00,2026-01-20 09:13:00,2026-01-20 16:08:27.685714
TXN-2188,CNTR961882,Standard Dry,28.08,4,2026-01-20 11:18:00,2026-01-20 11:38:00,2026-01-20 13:38:20.571429
TXN-2189,CNTR979858,Standard Dry,69.15,4,2026-01-20 17:17:00,2026-01-20 17:37:00,2026-01-20 22:33:21.428571
TXN-2190,CNTR479989,Standard Dry,50.8,4,2026-01-20 18:03:00,2026-01-20 18:23:00,2026-01-20 22:00:42.857143
TXN-2191,CNTR515515,Standard Dry,70.33,4,2026-01-20 18:18:00,2026-01-20 18:38:00,2026-01-20 23:39:24.857143
TXN-2192,CNTR143585,Standard Dry,53.57,2,2026-01-20 18:28:00,2026-01-20 18:48:00,2026-01-21 02:27:10.285714
TXN-2193,CNTR471369,Standard Dry,58.11,4,2026-01-20 22:27:00,2026-01-20 22:47:00,2026-01-21 02:56:02.571429
TXN-2194,CNTR164044,Hazardous,52.19,8,2026-01-20 23:48:00,2026-01-21 00:08:00,2026-01-21 03:06:56.228571
TXN-2195,CNTR542296,Refrigerated,68.22,2,2026-01-20 23:49:00,2026-01-21 00:09:00,2026-01-21 12:49:09.942857
TXN-2196,CNTR209556,Standard Dry,61.7,2,2026-01-21 02:11:00,2026-01-21 02:31:00,2026-01-21 11:19:51.428571
TXN-2197,CNTR626981,Standard Dry,51.06,4,2026-01-21 07:27:00,2026-01-21 07:47:00,2026-01-21 11:25:49.714286
TXN-2198,CNTR981691,Standard Dry,68.41,6,2026-01-21 07:53:00,2026-01-21 08:13:00,2026-01-21 11:28:27.428571
TXN-2199,CNTR867595,Standard Dry,37.26,4,2026-01-21 10:34:00,2026-01-21 10:54:00,2026-01-21 13:33:41.142857
TXN-2200,CNTR300235,Standard Dry,32.87,4,2026-01-21 14:14:00,2026-01-21 14:34:00,2026-01-21 16:54:52.285714
TXN-2201,CNTR125939,Refrigerated,33.02,2,2026-01-21 15:11:00,2026-01-21 15:31:00,2026-01-21 21:38:56.228571
TXN-2202,CNTR252906,Standard Dry,41.7,4,2026-01-21 15:28:00,2026-01-21 15:48:00,2026-01-21 18:46:42.857143
TXN-2203,CNTR642335,Refrigerated,36.93,4,2026-01-21 18:37:00,2026-01-21 18:57:00,2026-01-21 22:22:45.171429
TXN-2204,CNTR388249,Hazardous,71.5,6,2026-01-21 18:52:00,2026-01-21 19:12:00,2026-01-22 00:38:51.428571
TXN-2205,CNTR175766,Standard Dry,30.29,4,2026-01-21 19:02:00,2026-01-21 19:22:00,2026-01-21 21:31:48.857143
TXN-2206,CNTR508923,Refrigerated,59.95,2,2026-01-21 20:04:00,2026-01-21 20:24:00,2026-01-22 07:32:00.857143
TXN-2207,CNTR515192,Standard Dry,34.46,2,2026-01-21 20:42:00,2026-01-21 21:02:00,2026-01-22 01:57:22.285714
TXN-2208,CNTR668550,Standard Dry,69.08,2,2026-01-21 21:10:00,2026-01-21 21:30:00,2026-01-22 07:22:06.857143
TXN-2209,CNTR487261,Standard Dry,73.07,4,2026-01-21 21:42:00,2026-01-21 22:02:00,2026-01-22 03:15:09.428571
TXN-2210,CNTR910208,Refrigerated,48.27,2,2026-01-21 23:41:00,2026-01-22 00:01:00,2026-01-22 08:58:51.942857
TXN-2211,CNTR785440,Standard Dry,68.95,4,2026-01-22 02:05:00,2026-01-22 02:25:00,2026-01-22 07:20:30.000000
TXN-2212,CNTR752664,Refrigerated,25.26,4,2026-01-22 02:11:00,2026-01-22 02:31:00,2026-01-22 04:51:44.057143
TXN-2213,CNTR554589,Hazardous,66.0,2,2026-01-22 03:12:00,2026-01-22 03:32:00,2026-01-22 18:37:08.571429
TXN-2214,CNTR237848,Standard Dry,36.43,2,2026-01-22 03:39:00,2026-01-22 03:59:00,2026-01-22 09:11:15.428571
TXN-2215,CNTR717075,Hazardous,70.44,2,2026-01-22 05:16:00,2026-01-22 05:36:00,2026-01-22 21:42:02.057143
TXN-2216,CNTR227948,Standard Dry,25.06,6,2026-01-22 06:42:00,2026-01-22 07:02:00,2026-01-22 08:13:36.000000
TXN-2217,CNTR679304,Standard Dry,52.81,2,2026-01-22 10:02:00,2026-01-22 10:22:00,2026-01-22 17:54:39.428571
TXN-2218,CNTR502690,Standard Dry,62.83,4,2026-01-22 10:57:00,2026-01-22 11:17:00,2026-01-22 15:46:16.285714
TXN-2219,CNTR599046,Standard Dry,37.93,6,2026-01-22 11:01:00,2026-01-22 11:21:00,2026-01-22 13:09:22.285714
TXN-2220,CNTR551269,Refrigerated,34.66,4,2026-01-22 15:56:00,2026-01-22 16:16:00,2026-01-22 19:29:06.342857
TXN-2221,CNTR121959,Standard Dry,29.2,6,2026-01-22 17:13:00,2026-01-22 17:33:00,2026-01-22 18:56:25.714286
TXN-2222,CNTR760890,Standard Dry,41.32,4,2026-01-22 21:43:00,2026-01-22 22:03:00,2026-01-23 01:00:05.142857
TXN-2223,CNTR850216,Hazardous,52.99,8,2026-01-23 06:56:00,2026-01-23 07:16:00,2026-01-23 10:17:40.800000
TXN-2224,CNTR890180,Standard Dry,30.79,2,2026-01-23 08:33:00,2026-01-23 08:53:00,2026-01-23 13:16:54.857143
TXN-2225,CNTR328576,Standard Dry,43.83,2,2026-01-23 11:25:00,2026-01-23 11:45:00,2026-01-23 18:00:41.142857
TXN-2226,CNTR637833,Refrigerated,25.45,4,2026-01-23 12:04:00,2026-01-23 12:24:00,2026-01-23 14:45:47.571429
TXN-2227,CNTR265838,Refrigerated,65.93,8,2026-01-23 12:44:00,2026-01-23 13:04:00,2026-01-23 16:07:39.728571
TXN-2228,CNTR435674,Standard Dry,31.42,6,2026-01-23 13:22:00,2026-01-23 13:42:00,2026-01-23 15:11:46.285714
TXN-2229,CNTR979989,Refrigerated,39.17,2,2026-01-23 14:39:00,2026-01-23 14:59:00,2026-01-23 22:15:27.942857
TXN-2230,CNTR161087,Refrigerated,25.92,2,2026-01-23 15:21:00,2026-01-23 15:41:00,2026-01-23 20:29:49.371429
TXN-2231,CNTR693128,Standard Dry,46.61,8,2026-01-23 16:46:00,2026-01-23 17:06:00,2026-01-23 18:45:52.714286
TXN-2232,CNTR218451,Standard Dry,67.01,2,2026-01-23 17:29:00,2026-01-23 17:49:00,2026-01-24 03:23:22.285714
TXN-2233,CNTR547600,Standard Dry,44.61,6,2026-01-23 20:57:00,2026-01-23 21:17:00,2026-01-23 23:24:27.428571
TXN-2234,CNTR937437,Standard Dry,33.97,6,2026-01-23 22:37:00,2026-01-23 22:57:00,2026-01-24 00:34:03.428571
TXN-2235,CNTR539792,Standard Dry,62.68,4,2026-01-23 23:49:00,2026-01-24 00:09:00,2026-01-24 04:37:37.714286
TXN-2236,CNTR139353,Standard Dry,64.44,4,2026-01-24 01:26:00,2026-01-24 01:46:00,2026-01-24 06:22:10.285714
TXN-2237,CNTR293075,Standard Dry,33.69,4,2026-01-24 07:35:00,2026-01-24 07:55:00,2026-01-24 10:19:23.142857
TXN-2238,CNTR314283,Standard Dry,63.54,2,2026-01-24 11:10:00,2026-01-24 11:30:00,2026-01-24 20:34:37.714286
TXN-2239,CNTR414877,Standard Dry,72.36,6,2026-01-24 17:09:00,2026-01-24 17:29:00,2026-01-24 20:55:44.571429
TXN-2240,CNTR165318,Standard Dry,33.32,4,2026-01-24 18:05:00,2026-01-24 18:25:00,2026-01-24 20:47:48.000000
TXN-2241,CNTR865313,Standard Dry,63.55,6,2026-01-24 20:50:00,2026-01-24 21:10:00,2026-01-25 00:11:34.285714
TXN-2242,CNTR582690,Refrigerated,60.43,2,2026-01-25 07:23:00,2026-01-25 07:43:00,2026-01-25 18:56:21.771429
TXN-2243,CNTR516880,Standard Dry,48.68,8,2026-01-25 08:20:00,2026-01-25 08:40:00,2026-01-25 10:24:18.857143
TXN-2244,CNTR691460,Refrigerated,27.9,4,2026-01-25 13:22:00,2026-01-25 13:42:00,2026-01-25 16:17:26.571429
TXN-2245,CNTR840976,Standard Dry,28.73,2,2026-01-25 18:35:00,2026-01-25 18:55:00,2026-01-25 23:01:15.428571
TXN-2246,CNTR881239,Hazardous,67.62,2,2026-01-25 19:30:00,2026-01-25 19:50:00,2026-01-26 11:17:21.600000
TXN-2247,CNTR193264,Standard Dry,74.51,6,2026-01-26 04:20:00,2026-01-26 04:40:00,2026-01-26 08:12:53.142857
TXN-2248,CNTR870746,Hazardous,58.8,4,2026-01-26 09:52:00,2026-01-26 10:12:00,2026-01-26 16:55:12.000000
TXN-2249,CNTR913168,Standard Dry,47.3,6,2026-01-26 12:55:00,2026-01-26 13:15:00,2026-01-26 15:30:08.571429
TXN-2250,CNTR325281,Standard Dry,57.38,2,2026-01-26 13:16:00,2026-01-26 13:36:00,2026-01-26 21:47:49.714286
TXN-2251,CNTR737147,Refrigerated,54.72,2,2026-01-26 15:43:00,2026-01-26 16:03:00,2026-01-27 02:12:44.228571
TXN-2252,CNTR998613,Standard Dry,44.18,4,2026-01-26 16:39:00,2026-01-26 16:59:00,2026-01-26 20:08:20.571429
TXN-2253,CNTR494070,Standard Dry,28.28,4,2026-01-26 16:49:00,2026-01-26 17:09:00,2026-01-26 19:10:12.000000
TXN-2254,CNTR452228,Standard Dry,66.08,4,2026-01-26 18:18:00,2026-01-26 18:38:00,2026-01-26 23:21:12.000000
TXN-2255,CNTR531839,Standard Dry,43.59,8,2026-01-26 18:55:00,2026-01-26 19:15:00,2026-01-26 20:48:24.428571
TXN-2256,CNTR369536,Standard Dry,65.94,8,2026-01-27 01:55:00,2026-01-27 02:15:00,2026-01-27 04:36:18.000000
TXN-2257,CNTR417824,Standard Dry,37.63,8,2026-01-27 02:43:00,2026-01-27 03:03:00,2026-01-27 04:23:38.142857
TXN-2258,CNTR357426,Hazardous,25.05,6,2026-01-27 11:16:00,2026-01-27 11:36:00,2026-01-27 13:30:30.857143
TXN-2259,CNTR277789,Standard Dry,32.95,4,2026-01-27 14:37:00,2026-01-27 14:57:00,2026-01-27 17:18:12.857143
TXN-2260,CNTR613153,Standard Dry,48.43,4,2026-01-27 17:03:00,2026-01-27 17:23:00,2026-01-27 20:50:33.428571
TXN-2261,CNTR842452,Standard Dry,72.22,4,2026-01-27 17:27:00,2026-01-27 17:47:00,2026-01-27 22:56:30.857143
TXN-2262,CNTR937291,Standard Dry,30.11,6,2026-01-27 20:01:00,2026-01-27 20:21:00,2026-01-27 21:47:01.714286
TXN-2263,CNTR225657,Standard Dry,67.71,2,2026-01-27 20:33:00,2026-01-27 20:53:00,2026-01-28 06:33:22.285714
TXN-2264,CNTR335167,Refrigerated,51.35,4,2026-01-27 21:28:00,2026-01-27 21:48:00,2026-01-28 02:34:05.571429
TXN-2265,CNTR781669,Standard Dry,66.3,2,2026-01-27 21:36:00,2026-01-27 21:56:00,2026-01-28 07:24:17.142857
TXN-2266,CNTR580671,Standard Dry,39.92,4,2026-01-27 23:54:00,2026-01-28 00:14:00,2026-01-28 03:05:05.142857
TXN-2267,CNTR819094,Standard Dry,67.0,6,2026-01-28 03:21:00,2026-01-28 03:41:00,2026-01-28 06:52:25.714286
TXN-2268,CNTR170467,Standard Dry,63.64,6,2026-01-28 04:06:00,2026-01-28 04:26:00,2026-01-28 07:27:49.714286
TXN-2269,CNTR283734,Hazardous,36.5,2,2026-01-28 07:19:00,2026-01-28 07:39:00,2026-01-28 15:59:34.285714
TXN-2270,CNTR722794,Standard Dry,31.57,8,2026-01-28 09:42:00,2026-01-28 10:02:00,2026-01-28 11:09:39.000000
TXN-2271,CNTR209751,Standard Dry,68.4,4,2026-01-28 11:14:00,2026-01-28 11:34:00,2026-01-28 16:27:08.571429
TXN-2272,CNTR481050,Hazardous,73.16,2,2026-01-28 13:51:00,2026-01-28 14:11:00,2026-01-29 06:54:20.228571
TXN-2273,CNTR911774,Standard Dry,26.57,2,2026-01-28 14:00:00,2026-01-28 14:20:00,2026-01-28 18:07:44.571429
TXN-2274,CNTR792517,Hazardous,61.56,2,2026-01-28 14:38:00,2026-01-28 14:58:00,2026-01-29 05:02:15.085714
TXN-2275,CNTR561079,Standard Dry,70.48,2,2026-01-28 15:20:00,2026-01-28 15:40:00,2026-01-29 01:44:06.857143
TXN-2276,CNTR468452,Refrigerated,67.87,8,2026-01-28 16:42:00,2026-01-28 17:02:00,2026-01-28 20:11:03.985714
TXN-2277,CNTR206081,Standard Dry,73.23,4,2026-01-28 20:49:00,2026-01-28 21:09:00,2026-01-29 02:22:50.571429
TXN-2278,CNTR713333,Refrigerated,63.0,6,2026-01-28 21:40:00,2026-01-28 22:00:00,2026-01-29 01:54:00.000000
TXN-2279,CNTR658986,Standard Dry,47.11,4,2026-01-28 23:25:00,2026-01-28 23:45:00,2026-01-29 03:06:54.000000
TXN-2280,CNTR210078,Standard Dry,40.6,2,2026-01-28 23:34:00,2026-01-28 23:54:00,2026-01-29 05:42:00.000000
TXN-2281,CNTR967055,Standard Dry,41.04,4,2026-01-29 00:59:00,2026-01-29 01:19:00,2026-01-29 04:14:53.142857
TXN-2282,CNTR122671,Refrigerated,61.22,2,2026-01-29 05:02:00,2026-01-29 05:22:00,2026-01-29 16:44:09.942857
TXN-2283,CNTR518400,Refrigerated,62.29,4,2026-01-29 07:40:00,2026-01-29 08:00:00,2026-01-29 13:47:02.657143
TXN-2284,CNTR455528,Refrigerated,35.02,8,2026-01-29 08:09:00,2026-01-29 08:29:00,2026-01-29 10:06:33.342857
TXN-2285,CNTR710490,Standard Dry,68.41,4,2026-01-29 09:16:00,2026-01-29 09:36:00,2026-01-29 14:29:11.142857
TXN-2286,CNTR151663,Hazardous,60.75,4,2026-01-29 10:24:00,2026-01-29 10:44:00,2026-01-29 17:40:34.285714
TXN-2287,CNTR115708,Standard Dry,53.14,2,2026-01-29 10:56:00,2026-01-29 11:16:00,2026-01-29 18:51:29.142857
TXN-2288,CNTR978338,Standard Dry,48.58,2,2026-01-29 12:58:00,2026-01-29 13:18:00,2026-01-29 20:14:24.000000
TXN-2289,CNTR411955,Standard Dry,52.16,2,2026-01-29 17:31:00,2026-01-29 17:51:00,2026-01-30 01:18:05.142857
TXN-2290,CNTR233883,Refrigerated,32.96,4,2026-01-29 19:52:00,2026-01-29 20:12:00,2026-01-29 23:15:38.057143
TXN-2291,CNTR418394,Standard Dry,35.19,2,2026-01-30 00:42:00,2026-01-30 01:02:00,2026-01-30 06:03:37.714286
TXN-2292,CNTR212547,Standard Dry,29.56,4,2026-01-30 05:10:00,2026-01-30 05:30:00,2026-01-30 07:36:41.142857
TXN-2293,CNTR659042,Refrigerated,32.68,4,2026-01-30 11:33:00,2026-01-30 11:53:00,2026-01-30 14:55:04.457143
TXN-2294,CNTR851102,Standard Dry,47.68,4,2026-01-30 11:34:00,2026-01-30 11:54:00,2026-01-30 15:18:20.571429
TXN-2295,CNTR862002,Standard Dry,51.52,2,2026-01-30 12:46:00,2026-01-30 13:06:00,2026-01-30 20:27:36.000000
TXN-2296,CNTR242483,Standard Dry,25.89,2,2026-01-30 20:12:00,2026-01-30 20:32:00,2026-01-31 00:13:54.857143
TXN-2297,CNTR758271,Standard Dry,64.84,8,2026-01-31 02:29:00,2026-01-31 02:49:00,2026-01-31 05:07:56.571429
TXN-2298,CNTR314835,Standard Dry,39.71,4,2026-01-31 10:42:00,2026-01-31 11:02:00,2026-01-31 13:52:11.142857
TXN-2299,CNTR501896,Standard Dry,70.59,4,2026-01-31 10:48:00,2026-01-31 11:08:00,2026-01-31 16:10:31.714286
TXN-2300,CNTR184896,Standard Dry,73.38,2,2026-01-31 13:33:00,2026-01-31 13:53:00,2026-02-01 00:21:58.285714
TXN-2301,CNTR577095,Standard Dry,34.27,8,2026-01-31 16:57:00,2026-01-31 17:17:00,2026-01-31 18:30:26.142857
TXN-2302,CNTR171295,Standard Dry,48.1,4,2026-01-31 20:40:00,2026-01-31 21:00:00,2026-02-01 00:26:08.571429
TXN-2303,CNTR843974,Refrigerated,25.06,4,2026-02-01 01:08:00,2026-02-01 01:28:00,2026-02-01 03:47:37.200000
TXN-2304,CNTR987121,Standard Dry,54.92,6,2026-02-01 01:44:00,2026-02-01 02:04:00,2026-02-01 04:40:54.857143
TXN-2305,CNTR373255,Standard Dry,55.37,2,2026-02-01 02:02:00,2026-02-01 02:22:00,2026-02-01 10:16:36.000000
TXN-2306,CNTR399648,Standard Dry,37.38,4,2026-02-01 03:17:00,2026-02-01 03:37:00,2026-02-01 06:17:12.000000
TXN-2307,CNTR757162,Standard Dry,52.92,4,2026-02-01 03:46:00,2026-02-01 04:06:00,2026-02-01 07:52:48.000000
TXN-2308,CNTR108155,Standard Dry,36.28,2,2026-02-01 06:48:00,2026-02-01 07:08:00,2026-02-01 12:18:58.285714
TXN-2309,CNTR566872,Hazardous,33.04,8,2026-02-01 06:58:00,2026-02-01 07:18:00,2026-02-01 09:11:16.800000
TXN-2310,CNTR925816,Standard Dry,57.58,6,2026-02-01 09:09:00,2026-02-01 09:29:00,2026-02-01 12:13:30.857143
TXN-2311,CNTR474705,Standard Dry,41.3,4,2026-02-01 10:07:00,2026-02-01 10:27:00,2026-02-01 13:24:00.000000
TXN-2312,CNTR671542,Standard Dry,54.51,2,2026-02-01 12:50:00,2026-02-01 13:10:00,2026-02-01 20:57:13.714286
TXN-2313,CNTR908350,Standard Dry,46.66,2,2026-02-01 19:46:00,2026-02-01 20:06:00,2026-02-02 02:45:56.571429
TXN-2314,CNTR710269,Hazardous,74.22,4,2026-02-01 19:49:00,2026-02-01 20:09:00,2026-02-02 04:37:56.228571
TXN-2315,CNTR654594,Standard Dry,32.48,6,2026-02-01 20:24:00,2026-02-01 20:44:00,2026-02-01 22:16:48.000000
TXN-2316,CNTR247718,Standard Dry,48.23,2,2026-02-01 20:45:00,2026-02-01 21:05:00,2026-02-02 03:58:24.000000
TXN-2317,CNTR408987,Standard Dry,59.02,4,2026-02-02 03:17:00,2026-02-02 03:37:00,2026-02-02 07:49:56.571429
TXN-2318,CNTR745263,Standard Dry,44.78,6,2026-02-02 03:44:00,2026-02-02 04:04:00,2026-02-02 06:11:56.571429
TXN-2319,CNTR458745,Hazardous,73.73,2,2026-02-02 06:20:00,2026-02-02 06:40:00,2026-02-02 23:31:09.257143
TXN-2320,CNTR207512,Standard Dry,61.09,4,2026-02-02 07:18:00,2026-02-02 07:38:00,2026-02-02 11:59:48.857143
TXN-2321,CNTR247443,Refrigerated,57.85,2,2026-02-02 12:19:00,2026-02-02 12:39:00,2026-02-02 23:23:36.857143
TXN-2322,CNTR570587,Standard Dry,62.85,8,2026-02-02 12:25:00,2026-02-02 12:45:00,2026-02-02 14:59:40.714286
TXN-2323,CNTR473616,Refrigerated,72.63,4,2026-02-02 13:04:00,2026-02-02 13:24:00,2026-02-02 20:08:39.171429
TXN-2324,CNTR757409,Standard Dry,70.39,2,2026-02-02 15:05:00,2026-02-02 15:25:00,2026-02-03 01:28:20.571429
TXN-2325,CNTR786976,Standard Dry,61.21,4,2026-02-02 16:11:00,2026-02-02 16:31:00,2026-02-02 20:53:19.714286
TXN-2326,CNTR465871,Refrigerated,62.46,4,2026-02-02 16:47:00,2026-02-02 17:07:00,2026-02-02 22:54:59.485714
TXN-2327,CNTR475037,Hazardous,32.3,6,2026-02-02 17:47:00,2026-02-02 18:07:00,2026-02-02 20:34:39.428571
TXN-2328,CNTR907364,Hazardous,30.14,6,2026-02-02 20:34:00,2026-02-02 20:54:00,2026-02-02 23:11:46.971429
TXN-2329,CNTR217796,Standard Dry,53.55,4,2026-02-02 22:24:00,2026-02-02 22:44:00,2026-02-03 02:33:30.000000
TXN-2330,CNTR391999,Hazardous,25.92,2,2026-02-02 22:57:00,2026-02-02 23:17:00,2026-02-03 05:12:28.457143
TXN-2331,CNTR292506,Standard Dry,49.12,2,2026-02-02 23:22:00,2026-02-02 23:42:00,2026-02-03 06:43:01.714286
TXN-2332,CNTR798376,Hazardous,35.52,2,2026-02-03 01:27:00,2026-02-03 01:47:00,2026-02-03 09:54:07.885714
TXN-2333,CNTR369544,Standard Dry,42.3,4,2026-02-03 02:15:00,2026-02-03 02:35:00,2026-02-03 05:36:17.142857
TXN-2334,CNTR480002,Refrigerated,63.79,6,2026-02-03 08:23:00,2026-02-03 08:43:00,2026-02-03 12:39:56.057143
TXN-2335,CNTR798002,Refrigerated,72.06,4,2026-02-03 12:21:00,2026-02-03 12:41:00,2026-02-03 19:22:28.628571
TXN-2336,CNTR639439,Refrigerated,28.62,2,2026-02-03 12:27:00,2026-02-03 12:47:00,2026-02-03 18:05:54.514286
TXN-2337,CNTR690978,Standard Dry,51.71,4,2026-02-03 16:22:00,2026-02-03 16:42:00,2026-02-03 20:23:36.857143
TXN-2338,CNTR628787,Standard Dry,69.13,6,2026-02-03 18:00:00,2026-02-03 18:20:00,2026-02-03 21:37:30.857143
TXN-2339,CNTR630583,Refrigerated,29.13,6,2026-02-03 22:03:00,2026-02-03 22:23:00,2026-02-04 00:11:11.828571
TXN-2340,CNTR488215,Standard Dry,66.23,6,2026-02-03 23:23:00,2026-02-03 23:43:00,2026-02-04 02:52:13.714286
TXN-2341,CNTR421184,Hazardous,42.89,2,2026-02-03 23:31:00,2026-02-03 23:51:00,2026-02-04 09:39:12.342857
TXN-2342,CNTR898615,Refrigerated,41.1,2,2026-02-03 23:44:00,2026-02-04 00:04:00,2026-02-04 07:41:58.285714
TXN-2343,CNTR522515,Standard Dry,73.87,6,2026-02-04 00:19:00,2026-02-04 00:39:00,2026-02-04 04:10:03.428571
TXN-2344,CNTR768234,Refrigerated,35.04,4,2026-02-04 01:39:00,2026-02-04 01:59:00,2026-02-04 05:14:13.371429
TXN-2345,CNTR478480,Standard Dry,59.66,4,2026-02-04 02:46:00,2026-02-04 03:06:00,2026-02-04 07:21:41.142857
TXN-2346,CNTR132711,Refrigerated,66.07,6,2026-02-04 03:04:00,2026-02-04 03:24:00,2026-02-04 07:29:24.171429
TXN-2347,CNTR891971,Refrigerated,27.06,6,2026-02-04 07:02:00,2026-02-04 07:22:00,2026-02-04 09:02:30.514286
TXN-2348,CNTR601157,Standard Dry,58.52,4,2026-02-04 07:13:00,2026-02-04 07:33:00,2026-02-04 11:43:48.000000
TXN-2349,CNTR284423,Standard Dry,72.58,4,2026-02-04 07:55:00,2026-02-04 08:15:00,2026-02-04 13:26:03.428571
TXN-2350,CNTR616349,Hazardous,31.21,4,2026-02-04 10:00:00,2026-02-04 10:20:00,2026-02-04 13:54:00.685714
TXN-2351,CNTR803714,Standard Dry,69.81,4,2026-02-04 10:46:00,2026-02-04 11:06:00,2026-02-04 16:05:11.142857
TXN-2352,CNTR757917,Standard Dry,54.74,4,2026-02-04 11:40:00,2026-02-04 12:00:00,2026-02-04 15:54:36.000000
TXN-2353,CNTR924792,Standard Dry,55.83,6,2026-02-04 15:08:00,2026-02-04 15:28:00,2026-02-04 18:07:30.857143
TXN-2354,CNTR837378,Standard Dry,55.65,6,2026-02-04 15:44:00,2026-02-04 16:04:00,2026-02-04 18:43:00.000000
TXN-2355,CNTR233272,Standard Dry,39.94,6,2026-02-04 15:55:00,2026-02-04 16:15:00,2026-02-04 18:09:06.857143
TXN-2356,CNTR867836,Standard Dry,71.76,2,2026-02-04 18:29:00,2026-02-04 18:49:00,2026-02-05 05:04:05.142857
TXN-2357,CNTR802335,Standard Dry,72.37,6,2026-02-04 19:58:00,2026-02-04 20:18:00,2026-02-04 23:44:46.285714
TXN-2358,CNTR907789,Refrigerated,56.27,6,2026-02-04 23:29:00,2026-02-04 23:49:00,2026-02-05 03:18:00.171429
TXN-2359,CNTR743409,Standard Dry,64.17,4,2026-02-05 04:27:00,2026-02-05 04:47:00,2026-02-05 09:22:00.857143
TXN-2360,CNTR177505,Standard Dry,55.61,6,2026-02-05 05:00:00,2026-02-05 05:20:00,2026-02-05 07:58:53.142857
TXN-2361,CNTR102869,Standard Dry,49.22,6,2026-02-05 05:10:00,2026-02-05 05:30:00,2026-02-05 07:50:37.714286
TXN-2362,CNTR881474,Standard Dry,58.04,4,2026-02-05 06:15:00,2026-02-05 06:35:00,2026-02-05 10:43:44.571429
TXN-2363,CNTR554351,Standard Dry,52.65,4,2026-02-05 07:53:00,2026-02-05 08:13:00,2026-02-05 11:58:38.571429
TXN-2364,CNTR412252,Standard Dry,54.87,2,2026-02-05 08:53:00,2026-02-05 09:13:00,2026-02-05 17:03:18.857143
TXN-2365,CNTR736584,Refrigerated,64.19,4,2026-02-05 11:16:00,2026-02-05 11:36:00,2026-02-05 17:33:37.800000
TXN-2366,CNTR718467,Standard Dry,49.05,4,2026-02-05 12:55:00,2026-02-05 13:15:00,2026-02-05 16:45:12.857143
TXN-2367,CNTR190272,Hazardous,27.04,6,2026-02-05 13:09:00,2026-02-05 13:29:00,2026-02-05 15:32:36.685714
TXN-2368,CNTR138467,Refrigerated,33.2,2,2026-02-05 20:07:00,2026-02-05 20:27:00,2026-02-06 02:36:56.571429
TXN-2369,CNTR909760,Standard Dry,46.93,2,2026-02-05 21:18:00,2026-02-05 21:38:00,2026-02-06 04:20:15.428571
TXN-2370,CNTR977844,Hazardous,61.24,4,2026-02-06 00:14:00,2026-02-06 00:34:00,2026-02-06 07:33:55.885714
TXN-2371,CNTR580047,Hazardous,54.66,2,2026-02-06 02:22:00,2026-02-06 02:42:00,2026-02-06 15:11:37.371429
TXN-2372,CNTR759347,Standard Dry,57.51,2,2026-02-06 05:23:00,2026-02-06 05:43:00,2026-02-06 13:55:56.571429
TXN-2373,CNTR158871,Standard Dry,48.96,2,2026-02-06 08:17:00,2026-02-06 08:37:00,2026-02-06 15:36:39.428571
TXN-2374,CNTR228391,Hazardous,55.79,2,2026-02-06 09:39:00,2026-02-06 09:59:00,2026-02-06 22:44:07.200000
TXN-2375,CNTR539430,Refrigerated,41.45,2,2026-02-06 09:59:00,2026-02-06 10:19:00,2026-02-06 18:00:52.285714
TXN-2376,CNTR710704,Standard Dry,48.51,4,2026-02-06 12:39:00,2026-02-06 12:59:00,2026-02-06 16:26:54.000000
TXN-2377,CNTR956703,Refrigerated,62.21,4,2026-02-06 15:26:00,2026-02-06 15:46:00,2026-02-06 21:32:35.914286
TXN-2378,CNTR930496,Refrigerated,68.59,6,2026-02-06 17:18:00,2026-02-06 17:38:00,2026-02-06 21:52:45.771429
TXN-2379,CNTR356687,Refrigerated,46.68,4,2026-02-06 18:46:00,2026-02-06 19:06:00,2026-02-06 23:26:04.457143
TXN-2380,CNTR825451,Refrigerated,27.18,6,2026-02-07 00:30:00,2026-02-07 00:50:00,2026-02-07 02:30:57.257143
TXN-2381,CNTR207450,Refrigerated,33.08,2,2026-02-07 00:54:00,2026-02-07 01:14:00,2026-02-07 07:22:36.342857
TXN-2382,CNTR271890,Standard Dry,26.04,2,2026-02-07 01:14:00,2026-02-07 01:34:00,2026-02-07 05:17:12.000000
TXN-2383,CNTR538741,Standard Dry,57.66,6,2026-02-07 02:58:00,2026-02-07 03:18:00,2026-02-07 06:02:44.571429
TXN-2384,CNTR381974,Standard Dry,41.62,2,2026-02-07 16:00:00,2026-02-07 16:20:00,2026-02-07 22:16:44.571429
TXN-2385,CNTR500109,Hazardous,52.12,4,2026-02-07 16:09:00,2026-02-07 16:29:00,2026-02-07 22:26:23.657143
TXN-2386,CNTR216381,Standard Dry,49.66,4,2026-02-07 16:11:00,2026-02-07 16:31:00,2026-02-07 20:03:49.714286
TXN-2387,CNTR573125,Standard Dry,29.08,4,2026-02-07 17:56:00,2026-02-07 18:16:00,2026-02-07 20:20:37.714286
TXN-2388,CNTR671621,Refrigerated,45.16,2,2026-02-07 20:35:00,2026-02-07 20:55:00,2026-02-08 05:18:12.685714
TXN-2389,CNTR234508,Standard Dry,36.03,4,2026-02-07 21:25:00,2026-02-07 21:45:00,2026-02-08 00:19:24.857143
TXN-2390,CNTR829650,Refrigerated,45.92,4,2026-02-08 01:55:00,2026-02-08 02:15:00,2026-02-08 06:30:50.400000
TXN-2391,CNTR962645,Hazardous,35.18,2,2026-02-08 04:07:00,2026-02-08 04:27:00,2026-02-08 12:29:28.114286
TXN-2392,CNTR499111,Standard Dry,67.02,4,2026-02-08 04:16:00,2026-02-08 04:36:00,2026-02-08 09:23:13.714286
TXN-2393,CNTR250810,Standard Dry,33.71,6,2026-02-08 08:34:00,2026-02-08 08:54:00,2026-02-08 10:30:18.857143
TXN-2394,CNTR392890,Standard Dry,73.04,8,2026-02-08 13:27:00,2026-02-08 13:47:00,2026-02-08 16:23:30.857143
TXN-2395,CNTR673665,Standard Dry,45.8,2,2026-02-08 16:58:00,2026-02-08 17:18:00,2026-02-08 23:50:34.285714
TXN-2396,CNTR940477,Standard Dry,67.31,6,2026-02-08 20:38:00,2026-02-08 20:58:00,2026-02-09 00:10:18.857143
TXN-2397,CNTR460032,Standard Dry,56.44,4,2026-02-09 03:46:00,2026-02-09 04:06:00,2026-02-09 08:07:53.142857
TXN-2398,CNTR469599,Standard Dry,61.77,4,2026-02-09 03:49:00,2026-02-09 04:09:00,2026-02-09 08:33:43.714286
TXN-2399,CNTR760960,Standard Dry,63.39,2,2026-02-09 04:20:00,2026-02-09 04:40:00,2026-02-09 13:43:20.571429
TXN-2400,CNTR850020,Standard Dry,50.24,6,2026-02-09 06:48:00,2026-02-09 07:08:00,2026-02-09 09:31:32.571429
TXN-2401,CNTR979611,Standard Dry,52.17,2,2026-02-09 10:49:00,2026-02-09 11:09:00,2026-02-09 18:36:10.285714
TXN-2402,CNTR271836,Standard Dry,50.7,4,2026-02-09 11:26:00,2026-02-09 11:46:00,2026-02-09 15:23:17.142857
TXN-2403,CNTR829903,Standard Dry,54.4,2,2026-02-09 16:29:00,2026-02-09 16:49:00,2026-02-10 00:35:17.142857
TXN-2404,CNTR145714,Refrigerated,26.47,6,2026-02-09 18:52:00,2026-02-09 19:12:00,2026-02-09 20:50:19.028571
TXN-2405,CNTR727234,Refrigerated,44.78,6,2026-02-10 01:36:00,2026-02-10 01:56:00,2026-02-10 04:42:19.542857
TXN-2406,CNTR996048,Standard Dry,55.31,6,2026-02-10 02:46:00,2026-02-10 03:06:00,2026-02-10 05:44:01.714286
TXN-2407,CNTR730271,Hazardous,54.89,2,2026-02-10 03:04:00,2026-02-10 03:24:00,2026-02-10 15:56:46.628571
TXN-2408,CNTR566960,Standard Dry,64.65,2,2026-02-10 03:58:00,2026-02-10 04:18:00,2026-02-10 13:32:08.571429
TXN-2409,CNTR811851,Refrigerated,57.75,4,2026-02-10 03:58:00,2026-02-10 04:18:00,2026-02-10 09:39:45.000000
TXN-2410,CNTR224123,Standard Dry,74.61,4,2026-02-10 04:12:00,2026-02-10 04:32:00,2026-02-10 09:51:45.428571
TXN-2411,CNTR405628,Hazardous,39.19,2,2026-02-10 04:57:00,2026-02-10 05:17:00,2026-02-10 14:14:27.771429
TXN-2412,CNTR182989,Refrigerated,42.96,4,2026-02-10 06:01:00,2026-02-10 06:21:00,2026-02-10 10:20:20.914286
TXN-2413,CNTR398356,Refrigerated,44.19,8,2026-02-10 06:12:00,2026-02-10 06:32:00,2026-02-10 08:35:06.042857
TXN-2414,CNTR929957,Refrigerated,48.29,6,2026-02-10 07:25:00,2026-02-10 07:45:00,2026-02-10 10:44:21.771429
TXN-2415,CNTR278274,Standard Dry,66.8,6,2026-02-10 08:12:00,2026-02-10 08:32:00,2026-02-10 11:42:51.428571
TXN-2416,CNTR787995,Standard Dry,36.79,8,2026-02-10 10:55:00,2026-02-10 11:15:00,2026-02-10 12:33:50.142857
TXN-2417,CNTR425352,Refrigerated,63.8,2,2026-02-10 13:21:00,2026-02-10 13:41:00,2026-02-11 01:31:54.857143
TXN-2418,CNTR920260,Standard Dry,45.27,4,2026-02-10 13:49:00,2026-02-10 14:09:00,2026-02-10 17:23:00.857143
TXN-2419,CNTR511927,Refrigerated,55.09,8,2026-02-10 15:03:00,2026-02-10 15:23:00,2026-02-10 17:56:27.900000
TXN-2420,CNTR889852,Standard Dry,56.63,2,2026-02-10 16:12:00,2026-02-10 16:32:00,2026-02-11 00:37:24.000000
TXN-2421,CNTR983184,Standard Dry,43.64,6,2026-02-10 18:21:00,2026-02-10 18:41:00,2026-02-10 20:45:41.142857
TXN-2422,CNTR231373,Standard Dry,50.63,4,2026-02-10 18:25:00,2026-02-10 18:45:00,2026-02-10 22:21:59.142857
TXN-2423,CNTR538452,Standard Dry,45.65,4,2026-02-10 22:39:00,2026-02-10 22:59:00,2026-02-11 02:14:38.571429
TXN-2424,CNTR215294,Standard Dry,28.46,4,2026-02-10 23:54:00,2026-02-11 00:14:00,2026-02-11 02:15:58.285714
TXN-2425,CNTR559451,Standard Dry,46.86,8,2026-02-11 03:02:00,2026-02-11 03:22:00,2026-02-11 05:02:24.857143
TXN-2426,CNTR748307,Standard Dry,29.87,6,2026-02-11 04:57:00,2026-02-11 05:17:00,2026-02-11 06:42:20.571429
TXN-2427,CNTR165726,Standard Dry,45.25,2,2026-02-11 05:47:00,2026-02-11 06:07:00,2026-02-11 12:34:51.428571
TXN-2428,CNTR241564,Standard Dry,54.65,6,2026-02-11 07:29:00,2026-02-11 07:49:00,2026-02-11 10:25:08.571429
TXN-2429,CNTR477812,Refrigerated,53.97,2,2026-02-11 09:58:00,2026-02-11 10:18:00,2026-02-11 20:19:22.800000
TXN-2430,CNTR368246,Standard Dry,58.13,4,2026-02-11 19:14:00,2026-02-11 19:34:00,2026-02-11 23:43:07.714286
TXN-2431,CNTR805696,Standard Dry,29.76,4,2026-02-12 06:48:00,2026-02-12 07:08:00,2026-02-12 09:15:32.571429
TXN-2432,CNTR218015,Standard Dry,57.61,4,2026-02-12 09:50:00,2026-02-12 10:10:00,2026-02-12 14:16:54.000000
TXN-2433,CNTR840674,Refrigerated,40.61,4,2026-02-12 10:52:00,2026-02-12 11:12:00,2026-02-12 14:58:15.342857
TXN-2434,CNTR354079,Standard Dry,44.95,8,2026-02-12 15:33:00,2026-02-12 15:53:00,2026-02-12 17:29:19.285714
TXN-2435,CNTR650929,Refrigerated,67.9,6,2026-02-12 19:59:00,2026-02-12 20:19:00,2026-02-13 00:31:12.000000
TXN-2436,CNTR789944,Hazardous,25.45,4,2026-02-12 20:35:00,2026-02-12 20:55:00,2026-02-12 23:49:30.857143
TXN-2437,CNTR788105,Standard Dry,54.42,2,2026-02-12 21:40:00,2026-02-12 22:00:00,2026-02-13 05:46:27.428571
TXN-2438,CNTR613758,Standard Dry,54.94,8,2026-02-12 22:38:00,2026-02-12 22:58:00,2026-02-13 00:55:43.714286
TXN-2439,CNTR465890,Standard Dry,44.83,8,2026-02-13 10:38:00,2026-02-13 10:58:00,2026-02-13 12:34:03.857143
TXN-2440,CNTR545101,Standard Dry,36.85,6,2026-02-13 14:52:00,2026-02-13 15:12:00,2026-02-13 16:57:17.142857
TXN-2441,CNTR136631,Standard Dry,36.73,2,2026-02-13 18:11:00,2026-02-13 18:31:00,2026-02-13 23:45:49.714286
TXN-2442,CNTR866577,Hazardous,69.19,2,2026-02-13 19:31:00,2026-02-13 19:51:00,2026-02-14 11:39:53.485714
TXN-2443,CNTR172991,Standard Dry,47.1,2,2026-02-14 00:39:00,2026-02-14 00:59:00,2026-02-14 07:42:42.857143
TXN-2444,CNTR104014,Standard Dry,41.54,2,2026-02-14 06:46:00,2026-02-14 07:06:00,2026-02-14 13:02:03.428571
TXN-2445,CNTR373237,Standard Dry,47.44,4,2026-02-14 10:43:00,2026-02-14 11:03:00,2026-02-14 14:26:18.857143
TXN-2446,CNTR118070,Refrigerated,58.47,8,2026-02-14 11:47:00,2026-02-14 12:07:00,2026-02-14 14:49:52.842857
TXN-2447,CNTR922209,Standard Dry,32.29,4,2026-02-14 15:21:00,2026-02-14 15:41:00,2026-02-14 17:59:23.142857
TXN-2448,CNTR156958,Standard Dry,47.47,2,2026-02-14 18:10:00,2026-02-14 18:30:00,2026-02-15 01:16:53.142857
TXN-2449,CNTR182074,Hazardous,54.39,2,2026-02-14 22:08:00,2026-02-14 22:28:00,2026-02-15 10:53:55.200000
TXN-2450,CNTR635017,Refrigerated,72.43,2,2026-02-15 02:09:00,2026-02-15 02:29:00,2026-02-15 15:56:04.628571
TXN-2451,CNTR855073,Standard Dry,37.63,2,2026-02-15 03:57:00,2026-02-15 04:17:00,2026-02-15 09:39:32.571429
TXN-2452,CNTR276089,Refrigerated,42.96,2,2026-02-15 05:13:00,2026-02-15 05:33:00,2026-02-15 13:31:41.828571
TXN-2453,CNTR297392,Refrigerated,43.97,2,2026-02-15 11:05:00,2026-02-15 11:25:00,2026-02-15 19:34:57.085714
TXN-2454,CNTR258823,Standard Dry,55.28,6,2026-02-15 11:20:00,2026-02-15 11:40:00,2026-02-15 14:17:56.571429
TXN-2455,CNTR730152,Standard Dry,42.84,8,2026-02-15 13:03:00,2026-02-15 13:23:00,2026-02-15 14:54:48.000000
TXN-2456,CNTR493002,Standard Dry,51.68,4,2026-02-15 14:14:00,2026-02-15 14:34:00,2026-02-15 18:15:29.142857
TXN-2457,CNTR833429,Standard Dry,64.09,4,2026-02-15 16:07:00,2026-02-15 16:27:00,2026-02-15 21:01:40.285714
TXN-2458,CNTR598863,Refrigerated,60.27,6,2026-02-15 19:13:00,2026-02-15 19:33:00,2026-02-15 23:16:51.600000
TXN-2459,CNTR467654,Hazardous,47.32,2,2026-02-15 22:15:00,2026-02-15 22:35:00,2026-02-16 09:23:57.600000
TXN-2460,CNTR679036,Standard Dry,68.21,2,2026-02-16 01:38:00,2026-02-16 01:58:00,2026-02-16 11:42:39.428571
TXN-2461,CNTR630089,Standard Dry,52.91,6,2026-02-16 06:03:00,2026-02-16 06:23:00,2026-02-16 08:54:10.285714
TXN-2462,CNTR250262,Standard Dry,52.0,2,2026-02-16 11:53:00,2026-02-16 12:13:00,2026-02-16 19:38:42.857143
TXN-2463,CNTR542905,Standard Dry,26.71,4,2026-02-16 18:08:00,2026-02-16 18:28:00,2026-02-16 20:22:28.285714
TXN-2464,CNTR335362,Refrigerated,74.33,4,2026-02-16 19:16:00,2026-02-16 19:36:00,2026-02-17 02:30:07.457143
TXN-2465,CNTR544209,Standard Dry,31.15,4,2026-02-16 19:18:00,2026-02-16 19:38:00,2026-02-16 21:51:30.000000
TXN-2466,CNTR653880,Standard Dry,36.56,4,2026-02-17 06:27:00,2026-02-17 06:47:00,2026-02-17 09:23:41.142857
TXN-2467,CNTR897079,Standard Dry,27.58,6,2026-02-17 14:44:00,2026-02-17 15:04:00,2026-02-17 16:22:48.000000
TXN-2468,CNTR764076,Standard Dry,57.0,2,2026-02-17 14:53:00,2026-02-17 15:13:00,2026-02-17 23:21:34.285714
TXN-2469,CNTR319963,Standard Dry,36.24,2,2026-02-17 17:13:00,2026-02-17 17:33:00,2026-02-17 22:43:37.714286
TXN-2470,CNTR580761,Refrigerated,34.0,6,2026-02-17 18:47:00,2026-02-17 19:07:00,2026-02-17 21:13:17.142857
TXN-2471,CNTR348710,Standard Dry,29.43,4,2026-02-17 19:36:00,2026-02-17 19:56:00,2026-02-17 22:02:07.714286
TXN-2472,CNTR320984,Refrigerated,30.17,2,2026-02-17 20:58:00,2026-02-17 21:18:00,2026-02-18 02:54:10.800000
TXN-2473,CNTR997059,Standard Dry,54.23,6,2026-02-17 22:09:00,2026-02-17 22:29:00,2026-02-18 01:03:56.571429
TXN-2474,CNTR956748,Standard Dry,59.41,4,2026-02-17 23:11:00,2026-02-17 23:31:00,2026-02-18 03:45:36.857143
TXN-2475,CNTR882355,Standard Dry,44.87,6,2026-02-18 00:11:00,2026-02-18 00:31:00,2026-02-18 02:39:12.000000
TXN-2476,CNTR364512,Hazardous,48.99,6,2026-02-18 05:04:00,2026-02-18 05:24:00,2026-02-18 09:07:57.257143
TXN-2477,CNTR701863,Hazardous,59.3,4,2026-02-18 06:26:00,2026-02-18 06:46:00,2026-02-18 13:32:37.714286
TXN-2478,CNTR368799,Standard Dry,25.87,4,2026-02-18 08:16:00,2026-02-18 08:36:00,2026-02-18 10:26:52.285714
TXN-2479,CNTR337549,Standard Dry,41.16,8,2026-02-18 14:56:00,2026-02-18 15:16:00,2026-02-18 16:44:12.000000
TXN-2480,CNTR694319,Hazardous,73.65,2,2026-02-18 15:58:00,2026-02-18 16:18:00,2026-02-19 09:08:03.428571
TXN-2481,CNTR584299,Standard Dry,54.01,6,2026-02-18 16:11:00,2026-02-18 16:31:00,2026-02-18 19:05:18.857143
TXN-2482,CNTR712210,Standard Dry,37.71,2,2026-02-18 18:42:00,2026-02-18 19:02:00,2026-02-19 00:25:13.714286
TXN-2483,CNTR548982,Hazardous,51.09,4,2026-02-18 22:23:00,2026-02-18 22:43:00,2026-02-19 04:33:19.885714
TXN-2484,CNTR224046,Standard Dry,42.13,4,2026-02-19 04:29:00,2026-02-19 04:49:00,2026-02-19 07:49:33.428571
TXN-2485,CNTR506619,Standard Dry,51.61,8,2026-02-19 05:58:00,2026-02-19 06:18:00,2026-02-19 08:08:35.571429
TXN-2486,CNTR132097,Standard Dry,31.29,8,2026-02-19 13:49:00,2026-02-19 14:09:00,2026-02-19 15:16:03.000000
TXN-2487,CNTR766326,Standard Dry,31.64,2,2026-02-19 19:44:00,2026-02-19 20:04:00,2026-02-20 00:35:12.000000
TXN-2488,CNTR749150,Standard Dry,32.18,2,2026-02-19 19:44:00,2026-02-19 20:04:00,2026-02-20 00:39:49.714286
TXN-2489,CNTR330229,Refrigerated,71.99,6,2026-02-19 21:28:00,2026-02-19 21:48:00,2026-02-20 02:15:23.485714
TXN-2490,CNTR218834,Standard Dry,61.64,4,2026-02-19 21:49:00,2026-02-19 22:09:00,2026-02-20 02:33:10.285714
TXN-2491,CNTR193848,Standard Dry,33.12,2,2026-02-20 01:16:00,2026-02-20 01:36:00,2026-02-20 06:19:53.142857
TXN-2492,CNTR152921,Standard Dry,34.42,4,2026-02-20 03:46:00,2026-02-20 04:06:00,2026-02-20 06:33:30.857143
TXN-2493,CNTR805086,Standard Dry,61.54,4,2026-02-20 04:07:00,2026-02-20 04:27:00,2026-02-20 08:50:44.571429
TXN-2494,CNTR750429,Hazardous,32.81,8,2026-02-20 04:16:00,2026-02-20 04:36:00,2026-02-20 06:28:29.485714
TXN-2495,CNTR805660,Standard Dry,36.73,2,2026-02-20 13:41:00,2026-02-20 14:01:00,2026-02-20 19:15:49.714286
TXN-2496,CNTR384821,Standard Dry,73.17,4,2026-02-20 13:56:00,2026-02-20 14:16:00,2026-02-20 19:29:35.142857
TXN-2497,CNTR155609,Hazardous,37.77,4,2026-02-20 14:17:00,2026-02-20 14:37:00,2026-02-20 18:55:59.657143
TXN-2498,CNTR327897,Standard Dry,58.08,6,2026-02-20 14:46:00,2026-02-20 15:06:00,2026-02-20 17:51:56.571429
TXN-2499,CNTR131024,Standard Dry,73.93,4,2026-02-20 17:16:00,2026-02-20 17:36:00,2026-02-20 22:52:50.571429
TXN-2500,CNTR170313,Standard Dry,43.71,4,2026-02-20 17:51:00,2026-02-20 18:11:00,2026-02-20 21:18:19.714286
TXN-2501,CNTR489957,Standard Dry,25.88,2,2026-02-20 20:13:00,2026-02-20 20:33:00,2026-02-21 00:14:49.714286
TXN-2502,CNTR284078,Standard Dry,37.21,6,2026-02-20 21:46:00,2026-02-20 22:06:00,2026-02-20 23:52:18.857143
TXN-2503,CNTR457429,Standard Dry,66.54,4,2026-02-21 01:40:00,2026-02-21 02:00:00,2026-02-21 06:45:10.285714
TXN-2504,CNTR561243,Refrigerated,68.23,2,2026-02-21 02:39:00,2026-02-21 02:59:00,2026-02-21 15:39:16.628571
TXN-2505,CNTR213632,Standard Dry,63.43,4,2026-02-21 05:23:00,2026-02-21 05:43:00,2026-02-21 10:14:50.571429
TXN-2506,CNTR351451,Standard Dry,30.66,2,2026-02-21 13:10:00,2026-02-21 13:30:00,2026-02-21 17:52:48.000000
TXN-2507,CNTR103051,Standard Dry,64.78,2,2026-02-21 13:55:00,2026-02-21 14:15:00,2026-02-21 23:30:15.428571
TXN-2508,CNTR804107,Standard Dry,70.93,6,2026-02-21 14:24:00,2026-02-21 14:44:00,2026-02-21 18:06:39.428571
TXN-2509,CNTR476836,Refrigerated,55.03,4,2026-02-21 19:31:00,2026-02-21 19:51:00,2026-02-22 00:57:35.742857
TXN-2510,CNTR711523,Standard Dry,72.04,6,2026-02-21 20:02:00,2026-02-21 20:22:00,2026-02-21 23:47:49.714286
TXN-2511,CNTR821772,Standard Dry,66.34,2,2026-02-21 21:39:00,2026-02-21 21:59:00,2026-02-22 07:27:37.714286
TXN-2512,CNTR289407,Refrigerated,58.35,6,2026-02-21 22:09:00,2026-02-21 22:29:00,2026-02-22 02:05:43.714286
TXN-2513,CNTR549395,Standard Dry,53.86,2,2026-02-21 23:11:00,2026-02-21 23:31:00,2026-02-22 07:12:39.428571
TXN-2514,CNTR562894,Standard Dry,42.43,4,2026-02-22 02:34:00,2026-02-22 02:54:00,2026-02-22 05:55:50.571429
TXN-2515,CNTR311810,Standard Dry,32.96,8,2026-02-22 02:40:00,2026-02-22 03:00:00,2026-02-22 04:10:37.714286
TXN-2516,CNTR827975,Standard Dry,55.25,6,2026-02-22 05:57:00,2026-02-22 06:17:00,2026-02-22 08:54:51.428571
TXN-2517,CNTR173523,Refrigerated,40.91,4,2026-02-22 08:08:00,2026-02-22 08:28:00,2026-02-22 12:15:55.628571
TXN-2518,CNTR860463,Standard Dry,68.32,4,2026-02-22 10:04:00,2026-02-22 10:24:00,2026-02-22 15:16:48.000000
TXN-2519,CNTR194476,Standard Dry,74.67,6,2026-02-22 16:41:00,2026-02-22 17:01:00,2026-02-22 20:34:20.571429
TXN-2520,CNTR333841,Standard Dry,62.62,4,2026-02-22 22:46:00,2026-02-22 23:06:00,2026-02-23 03:34:22.285714
TXN-2521,CNTR903451,Refrigerated,29.52,6,2026-02-22 22:50:00,2026-02-22 23:10:00,2026-02-23 00:59:38.742857
TXN-2522,CNTR970045,Standard Dry,39.43,6,2026-02-22 23:14:00,2026-02-22 23:34:00,2026-02-23 01:26:39.428571
TXN-2523,CNTR322866,Hazardous,30.46,2,2026-02-22 23:51:00,2026-02-23 00:11:00,2026-02-23 07:08:44.228571
TXN-2524,CNTR186672,Standard Dry,57.53,2,2026-02-23 00:35:00,2026-02-23 00:55:00,2026-02-23 09:08:06.857143
TXN-2525,CNTR698135,Refrigerated,63.26,4,2026-02-23 00:49:00,2026-02-23 01:09:00,2026-02-23 07:01:26.914286
TXN-2526,CNTR444894,Hazardous,71.28,2,2026-02-23 06:14:00,2026-02-23 06:34:00,2026-02-23 22:51:33.257143
TXN-2527,CNTR834994,Refrigerated,46.91,2,2026-02-23 09:41:00,2026-02-23 10:01:00,2026-02-23 18:43:42.685714
TXN-2528,CNTR128251,Hazardous,70.07,8,2026-02-23 09:52:00,2026-02-23 10:12:00,2026-02-23 14:12:14.400000
TXN-2529,CNTR727769,Standard Dry,68.89,4,2026-02-23 14:30:00,2026-02-23 14:50:00,2026-02-23 19:45:14.571429
TXN-2530,CNTR474710,Standard Dry,40.86,6,2026-02-23 17:25:00,2026-02-23 17:45:00,2026-02-23 19:41:44.571429
TXN-2531,CNTR650233,Standard Dry,68.45,4,2026-02-23 19:23:00,2026-02-23 19:43:00,2026-02-24 00:36:21.428571
TXN-2532,CNTR977284,Standard Dry,43.78,4,2026-02-23 20:07:00,2026-02-23 20:27:00,2026-02-23 23:34:37.714286
TXN-2533,CNTR132217,Standard Dry,39.84,2,2026-02-23 20:41:00,2026-02-23 21:01:00,2026-02-24 02:42:29.142857
TXN-2534,CNTR108308,Standard Dry,57.45,4,2026-02-23 23:03:00,2026-02-23 23:23:00,2026-02-24 03:29:12.857143
TXN-2535,CNTR368093,Standard Dry,41.42,2,2026-02-23 23:21:00,2026-02-23 23:41:00,2026-02-24 05:36:01.714286
TXN-2536,CNTR283062,Standard Dry,56.51,4,2026-02-23 23:58:00,2026-02-24 00:18:00,2026-02-24 04:20:11.142857
TXN-2537,CNTR494366,Hazardous,55.49,6,2026-02-24 00:16:00,2026-02-24 00:36:00,2026-02-24 04:49:40.114286
TXN-2538,CNTR844840,Standard Dry,53.17,4,2026-02-24 01:41:00,2026-02-24 02:01:00,2026-02-24 05:48:52.285714
TXN-2539,CNTR200235,Refrigerated,44.02,4,2026-02-24 02:13:00,2026-02-24 02:33:00,2026-02-24 06:38:15.257143
TXN-2540,CNTR174740,Refrigerated,52.42,4,2026-02-24 02:49:00,2026-02-24 03:09:00,2026-02-24 08:01:03.257143
TXN-2541,CNTR478496,Hazardous,54.82,2,2026-02-24 04:55:00,2026-02-24 05:15:00,2026-02-24 17:46:49.028571
TXN-2542,CNTR953049,Standard Dry,52.28,4,2026-02-24 06:25:00,2026-02-24 06:45:00,2026-02-24 10:29:03.428571
TXN-2543,CNTR850201,Refrigerated,47.22,2,2026-02-24 06:27:00,2026-02-24 06:47:00,2026-02-24 15:33:09.942857
TXN-2544,CNTR903328,Hazardous,25.73,2,2026-02-24 07:12:00,2026-02-24 07:32:00,2026-02-24 13:24:52.114286
TXN-2545,CNTR277247,Hazardous,54.35,2,2026-02-24 07:47:00,2026-02-24 08:07:00,2026-02-24 20:32:22.285714
TXN-2546,CNTR763165,Standard Dry,33.42,4,2026-02-24 08:00:00,2026-02-24 08:20:00,2026-02-24 10:43:13.714286
TXN-2547,CNTR629525,Standard Dry,57.13,6,2026-02-24 09:09:00,2026-02-24 09:29:00,2026-02-24 12:12:13.714286
TXN-2548,CNTR120056,Standard Dry,62.97,2,2026-02-24 12:14:00,2026-02-24 12:34:00,2026-02-24 21:33:44.571429
TXN-2549,CNTR276615,Standard Dry,50.02,4,2026-02-24 22:02:00,2026-02-24 22:22:00,2026-02-25 01:56:22.285714
TXN-2550,CNTR287628,Standard Dry,52.12,4,2026-02-25 07:44:00,2026-02-25 08:04:00,2026-02-25 11:47:22.285714
TXN-2551,CNTR738836,Refrigerated,72.57,2,2026-02-25 13:07:00,2026-02-25 13:27:00,2026-02-26 02:55:38.228571
TXN-2552,CNTR473632,Refrigerated,67.36,6,2026-02-25 19:28:00,2026-02-25 19:48:00,2026-02-25 23:58:11.657143
TXN-2553,CNTR234415,Standard Dry,70.71,4,2026-02-25 19:40:00,2026-02-25 20:00:00,2026-02-26 01:03:02.571429
TXN-2554,CNTR506716,Hazardous,65.69,4,2026-02-25 20:01:00,2026-02-25 20:21:00,2026-02-26 03:51:26.742857
TXN-2555,CNTR546438,Standard Dry,30.45,4,2026-02-25 21:20:00,2026-02-25 21:40:00,2026-02-25 23:50:30.000000
TXN-2556,CNTR653663,Refrigerated,32.45,2,2026-02-25 21:35:00,2026-02-25 21:55:00,2026-02-26 03:56:35.142857
TXN-2557,CNTR765022,Hazardous,51.33,4,2026-02-25 22:26:00,2026-02-25 22:46:00,2026-02-26 04:37:58.628571
TXN-2558,CNTR641252,Standard Dry,37.3,4,2026-02-25 23:58:00,2026-02-26 00:18:00,2026-02-26 02:57:51.428571
TXN-2559,CNTR737717,Standard Dry,48.83,6,2026-02-26 00:48:00,2026-02-26 01:08:00,2026-02-26 03:27:30.857143
TXN-2560,CNTR352764,Refrigerated,44.72,2,2026-02-26 05:27:00,2026-02-26 05:47:00,2026-02-26 14:05:18.514286
TXN-2561,CNTR814998,Standard Dry,52.47,4,2026-02-26 08:41:00,2026-02-26 09:01:00,2026-02-26 12:45:52.285714
TXN-2562,CNTR566882,Standard Dry,62.34,4,2026-02-26 12:03:00,2026-02-26 12:23:00,2026-02-26 16:50:10.285714
TXN-2563,CNTR840427,Refrigerated,60.77,2,2026-02-26 12:48:00,2026-02-26 13:08:00,2026-02-27 00:25:09.085714
TXN-2564,CNTR612153,Standard Dry,51.06,4,2026-02-26 13:04:00,2026-02-26 13:24:00,2026-02-26 17:02:49.714286
TXN-2565,CNTR167215,Refrigerated,66.12,6,2026-02-26 14:34:00,2026-02-26 14:54:00,2026-02-26 18:59:35.314286
TXN-2566,CNTR955474,Standard Dry,46.54,6,2026-02-26 20:52:00,2026-02-26 21:12:00,2026-02-26 23:24:58.285714
TXN-2567,CNTR244356,Hazardous,69.84,4,2026-02-26 21:05:00,2026-02-26 21:25:00,2026-02-27 05:23:54.171429
TXN-2568,CNTR303861,Standard Dry,28.56,6,2026-02-26 23:57:00,2026-02-27 00:17:00,2026-02-27 01:38:36.000000
TXN-2569,CNTR455612,Hazardous,72.73,8,2026-02-27 10:56:00,2026-02-27 11:16:00,2026-02-27 15:25:21.600000
TXN-2570,CNTR554605,Refrigerated,57.73,6,2026-02-27 10:58:00,2026-02-27 11:18:00,2026-02-27 14:52:25.542857
TXN-2571,CNTR109435,Standard Dry,44.0,2,2026-02-27 12:19:00,2026-02-27 12:39:00,2026-02-27 18:56:08.571429
TXN-2572,CNTR547556,Standard Dry,34.86,6,2026-02-27 16:20:00,2026-02-27 16:40:00,2026-02-27 18:19:36.000000
TXN-2573,CNTR799438,Hazardous,48.96,4,2026-02-27 18:14:00,2026-02-27 18:34:00,2026-02-28 00:09:43.542857
TXN-2574,CNTR965264,Standard Dry,34.73,8,2026-02-27 21:35:00,2026-02-27 21:55:00,2026-02-27 23:09:25.285714
TXN-2575,CNTR675581,Standard Dry,33.32,4,2026-02-27 22:25:00,2026-02-27 22:45:00,2026-02-28 01:07:48.000000
TXN-2576,CNTR178781,Standard Dry,55.87,2,2026-02-28 06:54:00,2026-02-28 07:14:00,2026-02-28 15:12:53.142857
TXN-2577,CNTR291475,Standard Dry,51.15,6,2026-02-28 10:09:00,2026-02-28 10:29:00,2026-02-28 12:55:08.571429
TXN-2578,CNTR260196,Refrigerated,58.5,4,2026-02-28 10:40:00,2026-02-28 11:00:00,2026-02-28 16:25:55.714286
TXN-2579,CNTR326507,Refrigerated,71.48,8,2026-02-28 11:10:00,2026-02-28 11:30:00,2026-02-28 14:49:07.371429
TXN-2580,CNTR406063,Standard Dry,51.61,8,2026-02-28 13:29:00,2026-02-28 13:49:00,2026-02-28 15:39:35.571429
TXN-2581,CNTR864121,Standard Dry,54.05,4,2026-02-28 14:29:00,2026-02-28 14:49:00,2026-02-28 18:40:38.571429
TXN-2582,CNTR876665,Standard Dry,29.48,2,2026-02-28 20:36:00,2026-02-28 20:56:00,2026-03-01 01:08:41.142857
TXN-2583,CNTR790607,Standard Dry,60.88,4,2026-02-28 22:07:00,2026-02-28 22:27:00,2026-03-01 02:47:54.857143
TXN-2584,CNTR221172,Standard Dry,45.0,2,2026-02-28 22:56:00,2026-02-28 23:16:00,2026-03-01 05:41:42.857143
TXN-2585,CNTR456902,Hazardous,73.84,2,2026-03-01 00:07:00,2026-03-01 00:27:00,2026-03-01 17:19:39.771429
TXN-2586,CNTR584963,Refrigerated,66.16,6,2026-03-01 00:23:00,2026-03-01 00:43:00,2026-03-01 04:48:44.228571
TXN-2587,CNTR555968,Refrigerated,51.12,2,2026-03-01 00:53:00,2026-03-01 01:13:00,2026-03-01 10:42:37.371429
TXN-2588,CNTR418717,Refrigerated,31.16,4,2026-03-01 01:01:00,2026-03-01 01:21:00,2026-03-01 04:14:36.342857
TXN-2589,CNTR159101,Standard Dry,67.97,8,2026-03-01 01:28:00,2026-03-01 01:48:00,2026-03-01 04:13:39.000000
TXN-2590,CNTR595972,Refrigerated,64.99,4,2026-03-01 05:57:00,2026-03-01 06:17:00,2026-03-01 12:19:05.228571
TXN-2591,CNTR388790,Standard Dry,34.23,2,2026-03-01 06:40:00,2026-03-01 07:00:00,2026-03-01 11:53:24.000000
TXN-2592,CNTR990617,Standard Dry,39.76,8,2026-03-01 07:01:00,2026-03-01 07:21:00,2026-03-01 08:46:12.000000
TXN-2593,CNTR647337,Standard Dry,64.67,2,2026-03-01 08:48:00,2026-03-01 09:08:00,2026-03-01 18:22:18.857143
TXN-2594,CNTR834965,Standard Dry,34.26,6,2026-03-01 09:00:00,2026-03-01 09:20:00,2026-03-01 10:57:53.142857
TXN-2595,CNTR460260,Refrigerated,70.89,8,2026-03-01 10:36:00,2026-03-01 10:56:00,2026-03-01 14:13:28.757143
TXN-2596,CNTR983811,Standard Dry,46.23,8,2026-03-01 12:14:00,2026-03-01 12:34:00,2026-03-01 14:13:03.857143
TXN-2597,CNTR692673,Standard Dry,29.35,4,2026-03-01 15:37:00,2026-03-01 15:57:00,2026-03-01 18:02:47.142857
TXN-2598,CNTR750419,Standard Dry,65.79,4,2026-03-01 18:46:00,2026-03-01 19:06:00,2026-03-01 23:47:57.428571
TXN-2599,CNTR533374,Standard Dry,43.68,2,2026-03-01 23:41:00,2026-03-02 00:01:00,2026-03-02 06:15:24.000000
